Workbook

Sheet query
A1: SET hive.mapred.mode = 'nonstrict'; WITH base_orders AS ( SELECT DISTINCT CAST(order_display_id AS STRING) AS order_display_id, name AS user_name, user_id, driver_id, remark AS order_remark, vehicle_type AS vehicle_type, order_status_name AS order_status, create_time_local AS order_creation_local_time, order_datetime_local AS order_scheduled_local_time, match_time_local, arrival_time_local, cancel_time_local AS order_cancellation_local_time, complete_time_local AS order_completion_local_time, start_longitude, start_latitude, end_longitude, end_latitude, CAST(amount_fen AS DOUBLE) / 100 AS delivery_fee, CAST(driver_amount_fen AS DOUBLE) / 100 AS driver_receivable, (CAST(amount_fen AS DOUBLE) / 100 - CAST(driver_amount_fen AS DOUBLE) / 100) AS order_commission, CASE WHEN pay_type = 0 THEN 'Cash' ELSE 'Non-Cash' END AS order_payment_type, start_address, end_address, path_point_num AS destination_number FROM llm_dwb.dwb_order_base WHERE stat_date = date_sub(current_date, 1) AND data_center_id = 2 AND country_code = 'VN' AND TO_DATE(create_time_local) BETWEEN '2026-07-01' AND '2026-07-31' ), order_time_diffs AS ( SELECT *, /* Explicitly fetch previous order time per user ordered ascending */ LAG(order_creation_local_time) OVER ( PARTITION BY user_id ORDER BY order_creation_local_time ASC ) AS prev_order_creation_time, /* Calculate order (t+1) - order (t) in seconds */ UNIX_TIMESTAMP(order_creation_local_time) - UNIX_TIMESTAMP( LAG(order_creation_local_time) OVER ( PARTITION BY user_id ORDER BY order_creation_local_time ASC ) ) AS time_diff_seconds FROM base_orders ), frequency_tiered_orders AS ( SELECT *, CASE WHEN prev_order_creation_time IS NULL THEN 'First Order' WHEN time_diff_seconds >= 0 AND time_diff_seconds < 30 THEN '0s - <30s' WHEN time_diff_seconds >= 30 AND time_diff_seconds < 60 THEN '30s - <1m' WHEN time_diff_seconds >= 60 AND time_diff_seconds < 300 THEN '1m - <5m' WHEN time_diff_seconds >= 300 AND time_diff_seconds < 1800 THEN '5m - <30m' WHEN time_diff_seconds >= 1800 THEN '>= 30m' ELSE 'Unknown' END AS frequency_tier FROM order_time_diffs ), flagged_users AS ( SELECT user_id FROM frequency_tiered_orders WHERE frequency_tier = '0s - <30s' GROUP BY user_id HAVING COUNT(order_display_id) > 5 ) SELECT fto.* FROM frequency_tiered_orders fto JOIN flagged_users fu ON fto.user_id = fu.user_id ORDER BY fto.user_id ASC, fto.order_creation_local_time ASC;

Sheet July 2026 
A1: user_id | B1: First Order | C1: 0s - <30s | D1: 30s - <1m | E1: 1m - <5m | F1: 5m - <30m | G1: >= 30m | H1: Total | I1: 0s - <30s (>50%)
A2: 6347039 | B2: 1 | C2: 6 | D2: 3 | E2: 11 | F2: 9 | G2: 30 | H2: 60 | I2: 0.1
A3: 7891051 | B3: 1 | C3: 9 | D3: 1 | E3: 4 | F3: 4 | G3: 21 | H3: 40 | I3: 0.225
A4: 7891361 | B4: 1 | C4: 18 | D4: 10 | E4: 25 | F4: 34 | G4: 75 | H4: 163 | I4: 0.11042945
A5: 7892480 | B5: 1 | C5: 8 | D5: 10 | E5: 25 | F5: 37 | G5: 51 | H5: 132 | I5: 0.060606061
A6: 7910811 | B6: 1 | C6: 9 | D6: 20 | E6: 83 | F6: 220 | G6: 145 | H6: 478 | I6: 0.018828452
A7: 7928763 | B7: 1 | C7: 11 | D7: 5 | E7: 23 | F7: 35 | G7: 125 | H7: 200 | I7: 0.055
A8: 7973914 | B8: 1 | C8: 10 | D8: 13 | E8: 30 | F8: 20 | G8: 21 | H8: 95 | I8: 0.10526316
A9: 8000768 | B9: 1 | C9: 16 | D9: 3 | E9: 24 | F9: 60 | G9: 129 | H9: 233 | I9: 0.068669528
A10: 8024534 | B10: 1 | C10: 9 | D10: 1 | E10: 2 | F10: 0 | G10: 46 | H10: 59 | I10: 0.15254237
A11: 8055025 | B11: 1 | C11: 6 | D11: 0 | E11: 6 | F11: 9 | G11: 60 | H11: 82 | I11: 0.073170732
A12: 8063461 | B12: 1 | C12: 7 | D12: 1 | E12: 6 | F12: 25 | G12: 44 | H12: 84 | I12: 0.083333333
A13: 8104791 | B13: 1 | C13: 10 | D13: 7 | E13: 5 | F13: 16 | G13: 34 | H13: 73 | I13: 0.1369863
... A373: 43166702 | B373: 1 | C373: 107 | D373: 47 | E373: 11 | F373: 2 | G373: 0 | H373: 168 | I373: 0.63690476
A374: Total | B374: 372 | C374: 7132 | D374: 4154 | E374: 10657 | F374: 17675 | G374: 27008 | H374: 66998
A375: Percentage% | B375: 0.0055524045 | C375: 0.10645094 | D375: 0.062001851 | E375: 0.15906445 | F375: 0.26381385 | G375: 0.40311651

Sheet >50% order(July)
A1: user_id | B1: First Order | C1: 0s - <30s | D1: 30s - <1m | E1: 1m - <5m | F1: 5m - <30m | G1: >= 30m | H1: Total | I1: 0s - <30s (>50%) | J1: cross_check
A2: 32318884 | B2: 1 | C2: 8 | D2: 2 | E2: 0 | F2: 0 | G2: 3 | H2: 14 | I2: 0.57142857 | J2: =_xlfn.XLOOKUP(A2,'16 Accounts given'!$A$2:$A$17,'16 Accounts given'!$A$2:$A$17) -> #N/A
A3: 42372845 | B3: 1 | C3: 19 | D3: 10 | E3: 7 | F3: 0 | G3: 0 | H3: 37 | I3: 0.51351351 | J3: =_xlfn.XLOOKUP(A3,'16 Accounts given'!$A$2:$A$17,'16 Accounts given'!$A$2:$A$17) -> #N/A
A4: 42381392 | B4: 1 | C4: 86 | D4: 21 | E4: 6 | F4: 0 | G4: 1 | H4: 115 | I4: 0.74782609 | J4: =_xlfn.XLOOKUP(A4,'16 Accounts given'!$A$2:$A$17,'16 Accounts given'!$A$2:$A$17) -> #N/A
A5: 42406507 | B5: 1 | C5: 184 | D5: 46 | E5: 27 | F5: 1 | G5: 3 | H5: 262 | I5: 0.70229008 | J5: =_xlfn.XLOOKUP(A5,'16 Accounts given'!$A$2:$A$17,'16 Accounts given'!$A$2:$A$17) -> #N/A
A6: 42426592 | B6: 1 | C6: 128 | D6: 54 | E6: 19 | F6: 1 | G6: 1 | H6: 204 | I6: 0.62745098 | J6: =_xlfn.XLOOKUP(A6,'16 Accounts given'!$A$2:$A$17,'16 Accounts given'!$A$2:$A$17) -> #N/A
A7: 42426641 | B7: 1 | C7: 178 | D7: 25 | E7: 8 | F7: 2 | G7: 1 | H7: 215 | I7: 0.82790698 | J7: =_xlfn.XLOOKUP(A7,'16 Accounts given'!$A$2:$A$17,'16 Accounts given'!$A$2:$A$17) -> #N/A
A8: 42458992 | B8: 1 | C8: 22 | D8: 2 | E8: 1 | F8: 0 | G8: 0 | H8: 26 | I8: 0.84615385 | J8: =_xlfn.XLOOKUP(A8,'16 Accounts given'!$A$2:$A$17,'16 Accounts given'!$A$2:$A$17) -> #N/A
A9: 42459041 | B9: 1 | C9: 12 | D9: 8 | E9: 2 | F9: 0 | G9: 0 | H9: 23 | I9: 0.52173913 | J9: =_xlfn.XLOOKUP(A9,'16 Accounts given'!$A$2:$A$17,'16 Accounts given'!$A$2:$A$17) -> #N/A
A10: 42459099 | B10: 1 | C10: 47 | D10: 0 | E10: 0 | F10: 0 | G10: 1 | H10: 49 | I10: 0.95918367 | J10: =_xlfn.XLOOKUP(A10,'16 Accounts given'!$A$2:$A$17,'16 Accounts given'!$A$2:$A$17) -> #N/A
A11: 42459206 | B11: 1 | C11: 55 | D11: 17 | E11: 2 | F11: 0 | G11: 2 | H11: 77 | I11: 0.71428571 | J11: =_xlfn.XLOOKUP(A11,'16 Accounts given'!$A$2:$A$17,'16 Accounts given'!$A$2:$A$17) -> 42459206
A12: 42459241 | B12: 1 | C12: 37 | D12: 22 | E12: 6 | F12: 0 | G12: 2 | H12: 68 | I12: 0.54411765 | J12: =_xlfn.XLOOKUP(A12,'16 Accounts given'!$A$2:$A$17,'16 Accounts given'!$A$2:$A$17) -> #N/A
A13: 42459298 | B13: 1 | C13: 20 | D13: 3 | E13: 1 | F13: 0 | G13: 1 | H13: 26 | I13: 0.76923077 | J13: =_xlfn.XLOOKUP(A13,'16 Accounts given'!$A$2:$A$17,'16 Accounts given'!$A$2:$A$17) -> #N/A
... A29: 43166702 | B29: 1 | C29: 107 | D29: 47 | E29: 11 | F29: 2 | G29: 0 | H29: 168 | I29: 0.63690476 | J29: =_xlfn.XLOOKUP(A29,'16 Accounts given'!$A$2:$A$17,'16 Accounts given'!$A$2:$A$17) -> #N/A

Sheet Aug 2026
A1: user_id | B1: First Order | C1: 0s - <30s | D1: 30s - <1m | E1: 1m - <5m | F1: 5m - <30m | G1: >= 30m | H1: Total | I1: 0s - <30s (>50%)
A2: 6347039 | B2: 1 | C2: 7 | D2: 4 | E2: 9 | F2: 9 | G2: 24 | H2: 54 | I2: 0.12962963
A3: 7887655 | B3: 1 | C3: 11 | D3: 4 | E3: 20 | F3: 29 | G3: 64 | H3: 129 | I3: 0.085271318
A4: 7891361 | B4: 1 | C4: 21 | D4: 17 | E4: 29 | F4: 51 | G4: 88 | H4: 207 | I4: 0.10144928
A5: 7892480 | B5: 1 | C5: 11 | D5: 5 | E5: 22 | F5: 31 | G5: 56 | H5: 126 | I5: 0.087301587
A6: 7907798 | B6: 1 | C6: 9 | D6: 6 | E6: 59 | F6: 97 | G6: 118 | H6: 290 | I6: 0.031034483
A7: 7910811 | B7: 1 | C7: 9 | D7: 10 | E7: 111 | F7: 233 | G7: 144 | H7: 508 | I7: 0.017716535
A8: 7922290 | B8: 1 | C8: 7 | D8: 9 | E8: 13 | F8: 25 | G8: 101 | H8: 156 | I8: 0.044871795
A9: 7926986 | B9: 1 | C9: 7 | D9: 5 | E9: 2 | F9: 3 | G9: 57 | H9: 75 | I9: 0.093333333
A10: 7946845 | B10: 1 | C10: 10 | D10: 11 | E10: 32 | F10: 80 | G10: 140 | H10: 274 | I10: 0.03649635
A11: 7975908 | B11: 1 | C11: 7 | D11: 12 | E11: 57 | F11: 74 | G11: 79 | H11: 230 | I11: 0.030434783
A12: 7981813 | B12: 1 | C12: 10 | D12: 9 | E12: 48 | F12: 124 | G12: 113 | H12: 305 | I12: 0.032786885
A13: 8000768 | B13: 1 | C13: 19 | D13: 2 | E13: 25 | F13: 70 | G13: 111 | H13: 228 | I13: 0.083333333
... A453: 44071893 | B453: 1 | C453: 37 | D453: 27 | E453: 9 | F453: 1 | G453: 2 | H453: 77 | I453: 0.48051948
A454: Total | B454: 452 | C454: 7356 | D454: 5304 | E454: 14461 | F454: 25621 | G454: 34116 | H454: 87310
A455: Percentage % | B455: 0.0051769557 | C455: 0.084251518 | D455: 0.060749055 | E455: 0.16562822 | F455: 0.29344863 | G455: 0.39074562

Sheet >50% order(Aug)
A1: user_id | B1: First Order | C1: 0s - <30s | D1: 30s - <1m | E1: 1m - <5m | F1: 5m - <30m | G1: >= 30m | H1: Total | I1: 0s - <30s (>50%) | J1: cross_check
A2: 8200826 | B2: 1 | C2: 134 | D2: 27 | E2: 33 | F2: 28 | G2: 36 | H2: 259 | I2: 0.51737452 | J2: =_xlfn.XLOOKUP(A2,'16 Accounts given'!$A$2:$A$17,'16 Accounts given'!$A$2:$A$17) -> #N/A
A3: 43230061 | B3: 1 | C3: 91 | D3: 33 | E3: 4 | F3: 0 | G3: 1 | H3: 130 | I3: 0.7 | J3: =_xlfn.XLOOKUP(A3,'16 Accounts given'!$A$2:$A$17,'16 Accounts given'!$A$2:$A$17) -> #N/A
A4: 43290314 | B4: 1 | C4: 88 | D4: 34 | E4: 9 | F4: 0 | G4: 1 | H4: 133 | I4: 0.66165414 | J4: =_xlfn.XLOOKUP(A4,'16 Accounts given'!$A$2:$A$17,'16 Accounts given'!$A$2:$A$17) -> #N/A
A5: 43319297 | B5: 1 | C5: 63 | D5: 26 | E5: 9 | F5: 2 | G5: 0 | H5: 101 | I5: 0.62376238 | J5: =_xlfn.XLOOKUP(A5,'16 Accounts given'!$A$2:$A$17,'16 Accounts given'!$A$2:$A$17) -> #N/A
A6: 43346700 | B6: 1 | C6: 101 | D6: 16 | E6: 7 | F6: 1 | G6: 0 | H6: 126 | I6: 0.8015873 | J6: =_xlfn.XLOOKUP(A6,'16 Accounts given'!$A$2:$A$17,'16 Accounts given'!$A$2:$A$17) -> #N/A
A7: 43374604 | B7: 1 | C7: 61 | D7: 15 | E7: 3 | F7: 0 | G7: 0 | H7: 80 | I7: 0.7625 | J7: =_xlfn.XLOOKUP(A7,'16 Accounts given'!$A$2:$A$17,'16 Accounts given'!$A$2:$A$17) -> #N/A
A8: 43402439 | B8: 1 | C8: 96 | D8: 26 | E8: 6 | F8: 1 | G8: 0 | H8: 130 | I8: 0.73846154 | J8: =_xlfn.XLOOKUP(A8,'16 Accounts given'!$A$2:$A$17,'16 Accounts given'!$A$2:$A$17) -> #N/A
A9: 43430885 | B9: 1 | C9: 75 | D9: 22 | E9: 7 | F9: 1 | G9: 0 | H9: 106 | I9: 0.70754717 | J9: =_xlfn.XLOOKUP(A9,'16 Accounts given'!$A$2:$A$17,'16 Accounts given'!$A$2:$A$17) -> #N/A
A10: 43485077 | B10: 1 | C10: 96 | D10: 16 | E10: 3 | F10: 1 | G10: 0 | H10: 117 | I10: 0.82051282 | J10: =_xlfn.XLOOKUP(A10,'16 Accounts given'!$A$2:$A$17,'16 Accounts given'!$A$2:$A$17) -> 43485077
A11: 43512432 | B11: 1 | C11: 117 | D11: 22 | E11: 3 | F11: 1 | G11: 0 | H11: 144 | I11: 0.8125 | J11: =_xlfn.XLOOKUP(A11,'16 Accounts given'!$A$2:$A$17,'16 Accounts given'!$A$2:$A$17) -> 43512432
A12: 43539274 | B12: 1 | C12: 110 | D12: 24 | E12: 4 | F12: 1 | G12: 0 | H12: 140 | I12: 0.78571429 | J12: =_xlfn.XLOOKUP(A12,'16 Accounts given'!$A$2:$A$17,'16 Accounts given'!$A$2:$A$17) -> #N/A
A13: 43566043 | B13: 1 | C13: 107 | D13: 28 | E13: 3 | F13: 1 | G13: 0 | H13: 140 | I13: 0.76428571 | J13: =_xlfn.XLOOKUP(A13,'16 Accounts given'!$A$2:$A$17,'16 Accounts given'!$A$2:$A$17) -> #N/A
... A27: 44010401 | B27: 1 | C27: 62 | D27: 36 | E27: 2 | F27: 2 | G27: 0 | H27: 103 | I27: 0.60194175 | J27: =_xlfn.XLOOKUP(A27,'16 Accounts given'!$A$2:$A$17,'16 Accounts given'!$A$2:$A$17) -> #N/A

Sheet Sheet1

Sheet 16 Accounts given
A1: UID
A2: 42814075
A3: 42787717
A4: 42459206
A5: 42758642
A6: 42598944
A7: 43376946
A8: 43485077
A9: 43512432
A10: 43701630
A11: 43729827
A12: 13373294
A13: 23938356
... A17: 43811059

Sheet account to check (July)
A1: user_id | B1: First Order | C1: 0s - <30s | D1: 30s - <1m | E1: 1m - <5m | F1: 5m - <30m | G1: >= 30m | H1: Total | I1: 0s - <30s (>50%)
A2: 32318884 | B2: 1 | C2: 8 | D2: 2 | E2: 0 | F2: 0 | G2: 3 | H2: 14 | I2: 0.57142857
A3: 42372845 | B3: 1 | C3: 19 | D3: 10 | E3: 7 | F3: 0 | G3: 0 | H3: 37 | I3: 0.51351351
A4: 42381392 | B4: 1 | C4: 86 | D4: 21 | E4: 6 | F4: 0 | G4: 1 | H4: 115 | I4: 0.74782609
A5: 42406507 | B5: 1 | C5: 184 | D5: 46 | E5: 27 | F5: 1 | G5: 3 | H5: 262 | I5: 0.70229008
A6: 42426592 | B6: 1 | C6: 128 | D6: 54 | E6: 19 | F6: 1 | G6: 1 | H6: 204 | I6: 0.62745098
A7: 42426641 | B7: 1 | C7: 178 | D7: 25 | E7: 8 | F7: 2 | G7: 1 | H7: 215 | I7: 0.82790698
A8: 42458992 | B8: 1 | C8: 22 | D8: 2 | E8: 1 | F8: 0 | G8: 0 | H8: 26 | I8: 0.84615385
A9: 42459041 | B9: 1 | C9: 12 | D9: 8 | E9: 2 | F9: 0 | G9: 0 | H9: 23 | I9: 0.52173913
A10: 42459099 | B10: 1 | C10: 47 | D10: 0 | E10: 0 | F10: 0 | G10: 1 | H10: 49 | I10: 0.95918367
A11: 42459241 | B11: 1 | C11: 37 | D11: 22 | E11: 6 | F11: 0 | G11: 2 | H11: 68 | I11: 0.54411765
A12: 42459298 | B12: 1 | C12: 20 | D12: 3 | E12: 1 | F12: 0 | G12: 1 | H12: 26 | I12: 0.76923077
A13: 42463024 | B13: 1 | C13: 301 | D13: 31 | E13: 11 | F13: 4 | G13: 5 | H13: 353 | I13: 0.85269122
... A24: 43166702 | B24: 1 | C24: 107 | D24: 47 | E24: 11 | F24: 2 | G24: 0 | H24: 168 | I24: 0.63690476

Sheet account to check(Aug)
A1: user_id | B1: First Order | C1: 0s - <30s | D1: 30s - <1m | E1: 1m - <5m | F1: 5m - <30m | G1: >= 30m | H1: Total | I1: 0s - <30s (>50%)
A2: 8200826 | B2: 1 | C2: 134 | D2: 27 | E2: 33 | F2: 28 | G2: 36 | H2: 259 | I2: 0.51737452
A3: 43230061 | B3: 1 | C3: 91 | D3: 33 | E3: 4 | F3: 0 | G3: 1 | H3: 130 | I3: 0.7
A4: 43290314 | B4: 1 | C4: 88 | D4: 34 | E4: 9 | F4: 0 | G4: 1 | H4: 133 | I4: 0.66165414
A5: 43319297 | B5: 1 | C5: 63 | D5: 26 | E5: 9 | F5: 2 | G5: 0 | H5: 101 | I5: 0.62376238
A6: 43346700 | B6: 1 | C6: 101 | D6: 16 | E6: 7 | F6: 1 | G6: 0 | H6: 126 | I6: 0.8015873
A7: 43374604 | B7: 1 | C7: 61 | D7: 15 | E7: 3 | F7: 0 | G7: 0 | H7: 80 | I7: 0.7625
A8: 43402439 | B8: 1 | C8: 96 | D8: 26 | E8: 6 | F8: 1 | G8: 0 | H8: 130 | I8: 0.73846154
A9: 43430885 | B9: 1 | C9: 75 | D9: 22 | E9: 7 | F9: 1 | G9: 0 | H9: 106 | I9: 0.70754717
A10: 43539274 | B10: 1 | C10: 110 | D10: 24 | E10: 4 | F10: 1 | G10: 0 | H10: 140 | I10: 0.78571429
A11: 43566043 | B11: 1 | C11: 107 | D11: 28 | E11: 3 | F11: 1 | G11: 0 | H11: 140 | I11: 0.76428571
A12: 43593087 | B12: 1 | C12: 97 | D12: 26 | E12: 0 | F12: 1 | G12: 0 | H12: 125 | I12: 0.776
A13: 43614456 | B13: 1 | C13: 68 | D13: 20 | E13: 2 | F13: 2 | G13: 1 | H13: 94 | I13: 0.72340426
... A20: 44010401 | B20: 1 | C20: 62 | D20: 36 | E20: 2 | F20: 2 | G20: 0 | H20: 103 | I20: 0.60194175

Sheet unique id
A1: user_id | B1: register_time | C1: ban_status | D1: year | E1: month | F1: crosscheck
A2: 32318884 | B2: 2025-05-05 15:07:54.0 | C2: NOT BAN | D2: =YEAR(B2) -> 2025 | E2: =MONTH(B2) -> 5 | F2: =_xlfn.XLOOKUP(A2,'16 Accounts given'!$A$2:$A$17,'16 Accounts given'!$A$2:$A$17) -> #N/A | H2: =_xlfn.TEXTJOIN(",",,A2:A43) -> 32318884,42372845,42381392,42406507,42426592,42426641,42458992,42459041,42459099,42459241,42459298,42463024,42463063,42705635,42731028,42913719,42971568,42997602,43022614,43081554,43110506,43138108,43166702,8200826,43230061,43290314,43319297,43346700,43374604,43402439,43430885,43539274,43566043,43593087,43614456,43674483,43862968,43891958,43920615,43949404,43978801,44010401
A3: 42372845 | B3: 2026-06-30 19:29:18.0 | C3: NOT BAN | D3: =YEAR(B3) -> 2026 | E3: =MONTH(B3) -> 6 | F3: =_xlfn.XLOOKUP(A3,'16 Accounts given'!$A$2:$A$17,'16 Accounts given'!$A$2:$A$17) -> #N/A | H3: 32318884,42372845,42381392,42406507,42426592,42426641,42458992,42459041,42459099,42459241,42459298,42463024,42463063,42705635,42731028,42913719,42971568,42997602,43022614,43081554,43110506,43138108,43166702,8200826,43230061,43290314,43319297,43346700,43374604,43402439,43430885,43539274,43566043,43593087,43614456,43674483,43862968,43891958,43920615,43949404,43978801,44010401
A4: 42381392 | B4: 2026-07-01 07:17:48.0 | C4: NOT BAN | D4: =YEAR(B4) -> 2026 | E4: =MONTH(B4) -> 7 | F4: =_xlfn.XLOOKUP(A4,'16 Accounts given'!$A$2:$A$17,'16 Accounts given'!$A$2:$A$17) -> #N/A
A5: 42406507 | B5: 2026-07-01 21:33:50.0 | C5: BANNED | D5: =YEAR(B5) -> 2026 | E5: =MONTH(B5) -> 7 | F5: =_xlfn.XLOOKUP(A5,'16 Accounts given'!$A$2:$A$17,'16 Accounts given'!$A$2:$A$17) -> #N/A
A6: 42426592 | B6: 2026-07-02 16:16:02.0 | C6: BANNED | D6: =YEAR(B6) -> 2026 | E6: =MONTH(B6) -> 7 | F6: =_xlfn.XLOOKUP(A6,'16 Accounts given'!$A$2:$A$17,'16 Accounts given'!$A$2:$A$17) -> #N/A | I6: Evaluation dimension | J6: Flagged | K6: Already banned | L6: Not ban
A7: 42426641 | B7: 2026-07-02 16:17:46.0 | C7: BANNED | D7: =YEAR(B7) -> 2026 | E7: =MONTH(B7) -> 7 | F7: =_xlfn.XLOOKUP(A7,'16 Accounts given'!$A$2:$A$17,'16 Accounts given'!$A$2:$A$17) -> #N/A | I7: Direct accounts | J7: 42 | K7: 35 | L7: 7
A8: 42458992 | B8: 2026-07-03 18:42:45.0 | C8: NOT BAN | D8: =YEAR(B8) -> 2026 | E8: =MONTH(B8) -> 7 | F8: =_xlfn.XLOOKUP(A8,'16 Accounts given'!$A$2:$A$17,'16 Accounts given'!$A$2:$A$17) -> #N/A | I8: Linked accounts | J8: 51 | K8: 22 | L8: =J8-K8 -> 29
A9: 42459041 | B9: 2026-07-03 18:44:44.0 | C9: BANNED | D9: =YEAR(B9) -> 2026 | E9: =MONTH(B9) -> 7 | F9: =_xlfn.XLOOKUP(A9,'16 Accounts given'!$A$2:$A$17,'16 Accounts given'!$A$2:$A$17) -> #N/A
A10: 42459099 | B10: 2026-07-03 18:46:28.0 | C10: BANNED | D10: =YEAR(B10) -> 2026 | E10: =MONTH(B10) -> 7 | F10: =_xlfn.XLOOKUP(A10,'16 Accounts given'!$A$2:$A$17,'16 Accounts given'!$A$2:$A$17) -> #N/A
A11: 42459241 | B11: 2026-07-03 18:51:27.0 | C11: BANNED | D11: =YEAR(B11) -> 2026 | E11: =MONTH(B11) -> 7 | F11: =_xlfn.XLOOKUP(A11,'16 Accounts given'!$A$2:$A$17,'16 Accounts given'!$A$2:$A$17) -> #N/A
A12: 42459298 | B12: 2026-07-03 18:53:21.0 | C12: NOT BAN | D12: =YEAR(B12) -> 2026 | E12: =MONTH(B12) -> 7 | F12: =_xlfn.XLOOKUP(A12,'16 Accounts given'!$A$2:$A$17,'16 Accounts given'!$A$2:$A$17) -> #N/A
A13: 42463024 | B13: 2026-07-03 21:18:02.0 | C13: BANNED | D13: =YEAR(B13) -> 2026 | E13: =MONTH(B13) -> 7 | F13: =_xlfn.XLOOKUP(A13,'16 Accounts given'!$A$2:$A$17,'16 Accounts given'!$A$2:$A$17) -> #N/A
A14: 42463063 | B14: 2026-07-03 21:20:16.0 | C14: BANNED | D14: =YEAR(B14) -> 2026 | E14: =MONTH(B14) -> 7 | F14: =_xlfn.XLOOKUP(A14,'16 Accounts given'!$A$2:$A$17,'16 Accounts given'!$A$2:$A$17) -> #N/A
A15: 42705635 | B15: 2026-07-12 22:32:54.0 | C15: BANNED | D15: =YEAR(B15) -> 2026 | E15: =MONTH(B15) -> 7 | F15: =_xlfn.XLOOKUP(A15,'16 Accounts given'!$A$2:$A$17,'16 Accounts given'!$A$2:$A$17) -> #N/A
A16: 42731028 | B16: 2026-07-13 21:05:53.0 | C16: BANNED | D16: =YEAR(B16) -> 2026 | E16: =MONTH(B16) -> 7 | F16: =_xlfn.XLOOKUP(A16,'16 Accounts given'!$A$2:$A$17,'16 Accounts given'!$A$2:$A$17) -> #N/A
A17: 42913719 | B17: 2026-07-20 21:35:30.0 | C17: BANNED | D17: =YEAR(B17) -> 2026 | E17: =MONTH(B17) -> 7 | F17: =_xlfn.XLOOKUP(A17,'16 Accounts given'!$A$2:$A$17,'16 Accounts given'!$A$2:$A$17) -> #N/A
A18: 42971568 | B18: 2026-07-23 08:26:44.0 | C18: BANNED | D18: =YEAR(B18) -> 2026 | E18: =MONTH(B18) -> 7 | F18: =_xlfn.XLOOKUP(A18,'16 Accounts given'!$A$2:$A$17,'16 Accounts given'!$A$2:$A$17) -> #N/A
A19: 42997602 | B19: 2026-07-24 07:27:12.0 | C19: BANNED | D19: =YEAR(B19) -> 2026 | E19: =MONTH(B19) -> 7 | F19: =_xlfn.XLOOKUP(A19,'16 Accounts given'!$A$2:$A$17,'16 Accounts given'!$A$2:$A$17) -> #N/A
A20: 43022614 | B20: 2026-07-24 22:52:54.0 | C20: BANNED | D20: =YEAR(B20) -> 2026 | E20: =MONTH(B20) -> 7 | F20: =_xlfn.XLOOKUP(A20,'16 Accounts given'!$A$2:$A$17,'16 Accounts given'!$A$2:$A$17) -> #N/A
... A43: 44010401 | B43: 2026-08-29 07:56:18.0 | C43: BANNED | D43: =YEAR(B43) -> 2026 | E43: =MONTH(B43) -> 8 | F43: =_xlfn.XLOOKUP(A43,'16 Accounts given'!$A$2:$A$17,'16 Accounts given'!$A$2:$A$17) -> #N/A

Sheet Sheet3
