Workbook

Sheet account to check (July)
A1: user_id | B1: First Order | C1: 0s - <30s | D1: 30s - <1m | E1: 1m - <5m | F1: 5m - <30m | G1: >= 30m | H1: Total | I1: 0s - <30s (>50%) | J1: Rolling 1h Flags | K1: Lifetime Create Cnt | L1: Lifetime Complete Cnt | M1: Lifetime Cancel Cnt | N1: Completion Rate | O1: Cancellation Rate
A2: 42372845 | B2: 1 | C2: 19 | D2: 10 | E2: 7 | F2: 0 | G2: 0 | H2: 37 | I2: 51.35% | J2: 14 | K2: 37 | L2: 1 | M2: 8 | N2: 2.7% | O2: 21.62%
A3: 42381392 | B3: 1 | C3: 86 | D3: 21 | E3: 6 | F3: 0 | G3: 1 | H3: 115 | I3: 74.78% | J3: 58 | K3: 115 | L3: 0 | M3: 11 | N3: 0.0% | O3: 9.57%
A4: 42406507 | B4: 1 | C4: 184 | D4: 46 | E4: 27 | F4: 1 | G4: 3 | H4: 262 | I4: 70.23% | J4: 66 | K4: 262 | L4: 0 | M4: 38 | N4: 0.0% | O4: 14.5%
A5: 42426592 | B5: 1 | C5: 128 | D5: 54 | E5: 19 | F5: 1 | G5: 1 | H5: 204 | I5: 62.75% | J5: 70 | K5: 204 | L5: 0 | M5: 55 | N5: 0.0% | O5: 26.96%
A6: 42426641 | B6: 1 | C6: 178 | D6: 25 | E6: 8 | F6: 2 | G6: 1 | H6: 215 | I6: 82.79% | J6: 125 | K6: 215 | L6: 0 | M6: 29 | N6: 0.0% | O6: 13.49%
A7: 42458992 | B7: 1 | C7: 22 | D7: 2 | E7: 1 | F7: 0 | G7: 0 | H7: 26 | I7: 84.62% | J7: 17 | K7: 26 | L7: 0 | M7: 1 | N7: 0.0% | O7: 3.85%
A8: 42459041 | B8: 1 | C8: 12 | D8: 8 | E8: 2 | F8: 0 | G8: 0 | H8: 23 | I8: 52.17% | J8: 7 | K8: 23 | L8: 0 | M8: 6 | N8: 0.0% | O8: 26.09%
A9: 42459099 | B9: 1 | C9: 47 | D9: 0 | E9: 0 | F9: 0 | G9: 1 | H9: 49 | I9: 95.92% | J9: 19 | K9: 49 | L9: 0 | M9: 4 | N9: 0.0% | O9: 8.16%
A10: 42459206 | B10: 1 | C10: 55 | D10: 17 | E10: 2 | F10: 0 | G10: 2 | H10: 77 | I10: 71.43% | J10: 16 | K10: 77 | L10: 0 | M10: 13 | N10: 0.0% | O10: 16.88%
A11: 42459241 | B11: 1 | C11: 37 | D11: 22 | E11: 6 | F11: 0 | G11: 2 | H11: 68 | I11: 54.41% | J11: 18 | K11: 68 | L11: 0 | M11: 35 | N11: 0.0% | O11: 51.47%
A12: 42459298 | B12: 1 | C12: 20 | D12: 3 | E12: 1 | F12: 0 | G12: 1 | H12: 26 | I12: 76.92% | J12: 15 | K12: 26 | L12: 0 | M12: 2 | N12: 0.0% | O12: 7.69%
A13: 42463024 | B13: 1 | C13: 301 | D13: 31 | E13: 11 | F13: 4 | G13: 5 | H13: 353 | I13: 85.27% | J13: 103 | K13: 353 | L13: 0 | M13: 53 | N13: 0.0% | O13: 15.01%
... A28: 43166702 | B28: 1 | C28: 107 | D28: 47 | E28: 11 | F28: 2 | G28: 0 | H28: 168 | I28: 63.69% | J28: 81 | K28: 168 | L28: 1 | M28: 15 | N28: 0.6% | O28: 8.93%

Sheet account to check (Aug)
A1: user_id | B1: First Order | C1: 0s - <30s | D1: 30s - <1m | E1: 1m - <5m | F1: 5m - <30m | G1: >= 30m | H1: Total | I1: 0s - <30s (>50%) | J1: Rolling 1h Flags | K1: Lifetime Create Cnt | L1: Lifetime Complete Cnt | M1: Lifetime Cancel Cnt | N1: Completion Rate | O1: Cancellation Rate
A2: 8200826 | B2: 1 | C2: 134 | D2: 27 | E2: 33 | F2: 28 | G2: 36 | H2: 259 | I2: 51.74% | J2: 6 | K2: 4116 | L2: 816 | M2: 2050 | N2: 19.83% | O2: 49.81%
A3: 43230061 | B3: 1 | C3: 91 | D3: 33 | E3: 4 | F3: 0 | G3: 1 | H3: 130 | I3: 70.0% | J3: 77 | K3: 130 | L3: 0 | M3: 54 | N3: 0.0% | O3: 41.54%
A4: 43290314 | B4: 1 | C4: 88 | D4: 34 | E4: 9 | F4: 0 | G4: 1 | H4: 133 | I4: 66.17% | J4: 72 | K4: 133 | L4: 1 | M4: 30 | N4: 0.75% | O4: 22.56%
A5: 43319297 | B5: 1 | C5: 63 | D5: 26 | E5: 9 | F5: 2 | G5: 0 | H5: 101 | I5: 62.38% | J5: 50 | K5: 101 | L5: 0 | M5: 6 | N5: 0.0% | O5: 5.94%
A6: 43346700 | B6: 1 | C6: 101 | D6: 16 | E6: 7 | F6: 1 | G6: 0 | H6: 126 | I6: 80.16% | J6: 77 | K6: 126 | L6: 0 | M6: 16 | N6: 0.0% | O6: 12.7%
A7: 43374604 | B7: 1 | C7: 61 | D7: 15 | E7: 3 | F7: 0 | G7: 0 | H7: 80 | I7: 76.25% | J7: 56 | K7: 80 | L7: 0 | M7: 8 | N7: 0.0% | O7: 10.0%
A8: 43402439 | B8: 1 | C8: 96 | D8: 26 | E8: 6 | F8: 1 | G8: 0 | H8: 130 | I8: 73.85% | J8: 89 | K8: 130 | L8: 5 | M8: 4 | N8: 3.85% | O8: 3.08%
A9: 43430885 | B9: 1 | C9: 75 | D9: 22 | E9: 7 | F9: 1 | G9: 0 | H9: 106 | I9: 70.75% | J9: 70 | K9: 106 | L9: 0 | M9: 6 | N9: 0.0% | O9: 5.66%
A10: 43485077 | B10: 1 | C10: 96 | D10: 16 | E10: 3 | F10: 1 | G10: 0 | H10: 117 | I10: 82.05% | J10: 91 | K10: 117 | L10: 1 | M10: 5 | N10: 0.85% | O10: 4.27%
A11: 43512432 | B11: 1 | C11: 117 | D11: 22 | E11: 3 | F11: 1 | G11: 0 | H11: 144 | I11: 81.25% | J11: 112 | K11: 144 | L11: 2 | M11: 5 | N11: 1.39% | O11: 3.47%
A12: 43539274 | B12: 1 | C12: 110 | D12: 24 | E12: 4 | F12: 1 | G12: 0 | H12: 140 | I12: 78.57% | J12: 103 | K12: 140 | L12: 0 | M12: 11 | N12: 0.0% | O12: 7.86%
A13: 43566043 | B13: 1 | C13: 107 | D13: 28 | E13: 3 | F13: 1 | G13: 0 | H13: 140 | I13: 76.43% | J13: 99 | K13: 140 | L13: 1 | M13: 11 | N13: 0.71% | O13: 7.86%
... A27: 44010401 | B27: 1 | C27: 62 | D27: 36 | E27: 2 | F27: 2 | G27: 0 | H27: 103 | I27: 60.19% | J27: 41 | K27: 103 | L27: 0 | M27: 5 | N27: 0.0% | O27: 4.85%

Sheet data compile
A1: user_id | B1: First Order | C1: 0s - <30s | D1: 30s - <1m | E1: 1m - <5m | F1: 5m - <30m | G1: >= 30m | H1: Total | I1: 0s - <30s (>50%) | J1: Rolling 1h Flags | K1: Lifetime Create Cnt | L1: Lifetime Complete Cnt | M1: Lifetime Cancel Cnt | N1: Completion Rate | O1: Cancellation Rate
A2: 42372845 | B2: 1 | C2: 19 | D2: 10 | E2: 7 | F2: 0 | G2: 0 | H2: 37 | I2: 51.35% | J2: 14 | K2: 37 | L2: 1 | M2: 8 | N2: 2.7% | O2: 21.62%
A3: 42381392 | B3: 1 | C3: 86 | D3: 21 | E3: 6 | F3: 0 | G3: 1 | H3: 115 | I3: 74.78% | J3: 58 | K3: 115 | L3: 0 | M3: 11 | N3: 0.0% | O3: 9.57%
A4: 42406507 | B4: 1 | C4: 184 | D4: 46 | E4: 27 | F4: 1 | G4: 3 | H4: 262 | I4: 70.23% | J4: 66 | K4: 262 | L4: 0 | M4: 38 | N4: 0.0% | O4: 14.5%
A5: 42426592 | B5: 1 | C5: 128 | D5: 54 | E5: 19 | F5: 1 | G5: 1 | H5: 204 | I5: 62.75% | J5: 70 | K5: 204 | L5: 0 | M5: 55 | N5: 0.0% | O5: 26.96%
A6: 42426641 | B6: 1 | C6: 178 | D6: 25 | E6: 8 | F6: 2 | G6: 1 | H6: 215 | I6: 82.79% | J6: 125 | K6: 215 | L6: 0 | M6: 29 | N6: 0.0% | O6: 13.49%
A7: 42458992 | B7: 1 | C7: 22 | D7: 2 | E7: 1 | F7: 0 | G7: 0 | H7: 26 | I7: 84.62% | J7: 17 | K7: 26 | L7: 0 | M7: 1 | N7: 0.0% | O7: 3.85%
A8: 42459041 | B8: 1 | C8: 12 | D8: 8 | E8: 2 | F8: 0 | G8: 0 | H8: 23 | I8: 52.17% | J8: 7 | K8: 23 | L8: 0 | M8: 6 | N8: 0.0% | O8: 26.09%
A9: 42459099 | B9: 1 | C9: 47 | D9: 0 | E9: 0 | F9: 0 | G9: 1 | H9: 49 | I9: 95.92% | J9: 19 | K9: 49 | L9: 0 | M9: 4 | N9: 0.0% | O9: 8.16%
A10: 42459206 | B10: 1 | C10: 55 | D10: 17 | E10: 2 | F10: 0 | G10: 2 | H10: 77 | I10: 71.43% | J10: 16 | K10: 77 | L10: 0 | M10: 13 | N10: 0.0% | O10: 16.88%
A11: 42459241 | B11: 1 | C11: 37 | D11: 22 | E11: 6 | F11: 0 | G11: 2 | H11: 68 | I11: 54.41% | J11: 18 | K11: 68 | L11: 0 | M11: 35 | N11: 0.0% | O11: 51.47%
A12: 42459298 | B12: 1 | C12: 20 | D12: 3 | E12: 1 | F12: 0 | G12: 1 | H12: 26 | I12: 76.92% | J12: 15 | K12: 26 | L12: 0 | M12: 2 | N12: 0.0% | O12: 7.69%
A13: 42463024 | B13: 1 | C13: 301 | D13: 31 | E13: 11 | F13: 4 | G13: 5 | H13: 353 | I13: 85.27% | J13: 103 | K13: 353 | L13: 0 | M13: 53 | N13: 0.0% | O13: 15.01%
... A54: 44010401 | B54: 1 | C54: 62 | D54: 36 | E54: 2 | F54: 2 | G54: 0 | H54: 103 | I54: 60.19% | J54: 41 | K54: 103 | L54: 0 | M54: 5 | N54: 0.0% | O54: 4.85%

Sheet crosscheck
A1: user_id | B1: check with previous simulation | C1: check with 16 acct | G1: user_id (prev simulation)
A2: 42372845 | B2: =_xlfn.XLOOKUP(A2,$G$2:$G$43,$G$2:$G$43) -> 42372845 | C2: =_xlfn.XLOOKUP(A2,'16 Acct given'!$A$2:$A$17,'16 Acct given'!$A$2:$A$17) -> #N/A | G2: 32318884
A3: 42381392 | B3: =_xlfn.XLOOKUP(A3,$G$2:$G$43,$G$2:$G$43) -> 42381392 | C3: =_xlfn.XLOOKUP(A3,'16 Acct given'!$A$2:$A$17,'16 Acct given'!$A$2:$A$17) -> #N/A | G3: 42372845
A4: 42406507 | B4: =_xlfn.XLOOKUP(A4,$G$2:$G$43,$G$2:$G$43) -> 42406507 | C4: =_xlfn.XLOOKUP(A4,'16 Acct given'!$A$2:$A$17,'16 Acct given'!$A$2:$A$17) -> #N/A | G4: 42381392
A5: 42426592 | B5: =_xlfn.XLOOKUP(A5,$G$2:$G$43,$G$2:$G$43) -> 42426592 | C5: =_xlfn.XLOOKUP(A5,'16 Acct given'!$A$2:$A$17,'16 Acct given'!$A$2:$A$17) -> #N/A | G5: 42406507
A6: 42426641 | B6: =_xlfn.XLOOKUP(A6,$G$2:$G$43,$G$2:$G$43) -> 42426641 | C6: =_xlfn.XLOOKUP(A6,'16 Acct given'!$A$2:$A$17,'16 Acct given'!$A$2:$A$17) -> #N/A | G6: 42426592
A7: 42458992 | B7: =_xlfn.XLOOKUP(A7,$G$2:$G$43,$G$2:$G$43) -> 42458992 | C7: =_xlfn.XLOOKUP(A7,'16 Acct given'!$A$2:$A$17,'16 Acct given'!$A$2:$A$17) -> #N/A | G7: 42426641
A8: 42459041 | B8: =_xlfn.XLOOKUP(A8,$G$2:$G$43,$G$2:$G$43) -> 42459041 | C8: =_xlfn.XLOOKUP(A8,'16 Acct given'!$A$2:$A$17,'16 Acct given'!$A$2:$A$17) -> #N/A | G8: 42458992
A9: 42459099 | B9: =_xlfn.XLOOKUP(A9,$G$2:$G$43,$G$2:$G$43) -> 42459099 | C9: =_xlfn.XLOOKUP(A9,'16 Acct given'!$A$2:$A$17,'16 Acct given'!$A$2:$A$17) -> #N/A | G9: 42459041
A10: 42459206 | B10: =_xlfn.XLOOKUP(A10,$G$2:$G$43,$G$2:$G$43) -> #N/A | C10: =_xlfn.XLOOKUP(A10,'16 Acct given'!$A$2:$A$17,'16 Acct given'!$A$2:$A$17) -> 42459206 | G10: 42459099
A11: 42459241 | B11: =_xlfn.XLOOKUP(A11,$G$2:$G$43,$G$2:$G$43) -> 42459241 | C11: =_xlfn.XLOOKUP(A11,'16 Acct given'!$A$2:$A$17,'16 Acct given'!$A$2:$A$17) -> #N/A | G11: 42459241
A12: 42459298 | B12: =_xlfn.XLOOKUP(A12,$G$2:$G$43,$G$2:$G$43) -> 42459298 | C12: =_xlfn.XLOOKUP(A12,'16 Acct given'!$A$2:$A$17,'16 Acct given'!$A$2:$A$17) -> #N/A | G12: 42459298
A13: 42463024 | B13: =_xlfn.XLOOKUP(A13,$G$2:$G$43,$G$2:$G$43) -> 42463024 | C13: =_xlfn.XLOOKUP(A13,'16 Acct given'!$A$2:$A$17,'16 Acct given'!$A$2:$A$17) -> #N/A | G13: 42463024
... A43: 43674483 | B43: =_xlfn.XLOOKUP(A43,$G$2:$G$43,$G$2:$G$43) -> 43674483 | C43: =_xlfn.XLOOKUP(A43,'16 Acct given'!$A$2:$A$17,'16 Acct given'!$A$2:$A$17) -> #N/A | G43: 44010401
A44: 43701630 | B44: =_xlfn.XLOOKUP(A44,$G$2:$G$43,$G$2:$G$43) -> #N/A | C44: =_xlfn.XLOOKUP(A44,'16 Acct given'!$A$2:$A$17,'16 Acct given'!$A$2:$A$17) -> 43701630
A45: 43729827 | B45: =_xlfn.XLOOKUP(A45,$G$2:$G$43,$G$2:$G$43) -> #N/A | C45: =_xlfn.XLOOKUP(A45,'16 Acct given'!$A$2:$A$17,'16 Acct given'!$A$2:$A$17) -> 43729827
A46: 43756635 | B46: =_xlfn.XLOOKUP(A46,$G$2:$G$43,$G$2:$G$43) -> #N/A | C46: =_xlfn.XLOOKUP(A46,'16 Acct given'!$A$2:$A$17,'16 Acct given'!$A$2:$A$17) -> 43756635
A47: 43783789 | B47: =_xlfn.XLOOKUP(A47,$G$2:$G$43,$G$2:$G$43) -> #N/A | C47: =_xlfn.XLOOKUP(A47,'16 Acct given'!$A$2:$A$17,'16 Acct given'!$A$2:$A$17) -> 43783789
A48: 43811059 | B48: =_xlfn.XLOOKUP(A48,$G$2:$G$43,$G$2:$G$43) -> #N/A | C48: =_xlfn.XLOOKUP(A48,'16 Acct given'!$A$2:$A$17,'16 Acct given'!$A$2:$A$17) -> 43811059
A49: 43862968 | B49: =_xlfn.XLOOKUP(A49,$G$2:$G$43,$G$2:$G$43) -> 43862968 | C49: =_xlfn.XLOOKUP(A49,'16 Acct given'!$A$2:$A$17,'16 Acct given'!$A$2:$A$17) -> #N/A
A50: 43891958 | B50: =_xlfn.XLOOKUP(A50,$G$2:$G$43,$G$2:$G$43) -> 43891958 | C50: =_xlfn.XLOOKUP(A50,'16 Acct given'!$A$2:$A$17,'16 Acct given'!$A$2:$A$17) -> #N/A
A51: 43920615 | B51: =_xlfn.XLOOKUP(A51,$G$2:$G$43,$G$2:$G$43) -> 43920615 | C51: =_xlfn.XLOOKUP(A51,'16 Acct given'!$A$2:$A$17,'16 Acct given'!$A$2:$A$17) -> #N/A
A52: 43949404 | B52: =_xlfn.XLOOKUP(A52,$G$2:$G$43,$G$2:$G$43) -> 43949404 | C52: =_xlfn.XLOOKUP(A52,'16 Acct given'!$A$2:$A$17,'16 Acct given'!$A$2:$A$17) -> #N/A
A53: 43978801 | B53: =_xlfn.XLOOKUP(A53,$G$2:$G$43,$G$2:$G$43) -> 43978801 | C53: =_xlfn.XLOOKUP(A53,'16 Acct given'!$A$2:$A$17,'16 Acct given'!$A$2:$A$17) -> #N/A
A54: 44010401 | B54: =_xlfn.XLOOKUP(A54,$G$2:$G$43,$G$2:$G$43) -> 44010401 | C54: =_xlfn.XLOOKUP(A54,'16 Acct given'!$A$2:$A$17,'16 Acct given'!$A$2:$A$17) -> #N/A

Sheet 16 Acct given
A1: UID
A2: 42814075
A3: 42787717
A4: 42459206
A5: 42758642
A6: 42598944
A7: 43376946
A8: 43485077
A9: 43512432
A10: 43701630
A11: 43729827
A12: 13373294
A13: 23938356
... A17: 43811059

Sheet final acct
A1: user_id | B1: First Order | C1: 0s - <30s | D1: 30s - <1m | E1: 1m - <5m | F1: 5m - <30m | G1: >= 30m | H1: Total | I1: 0s - <30s (>50%) | J1: Rolling 1h Flags | K1: Lifetime Create Cnt | L1: Lifetime Complete Cnt | M1: Lifetime Cancel Cnt | N1: Completion Rate | O1: Cancellation Rate
A2: 42372845 | B2: =_xlfn.XLOOKUP($A2,'data compile'!$A$2:$A$54,'data compile'!B$2:B$54) -> 1 | C2: =_xlfn.XLOOKUP($A2,'data compile'!$A$2:$A$54,'data compile'!C$2:C$54) -> 19 | D2: =_xlfn.XLOOKUP($A2,'data compile'!$A$2:$A$54,'data compile'!D$2:D$54) -> 10 | E2: =_xlfn.XLOOKUP($A2,'data compile'!$A$2:$A$54,'data compile'!E$2:E$54) -> 7 | F2: =_xlfn.XLOOKUP($A2,'data compile'!$A$2:$A$54,'data compile'!F$2:F$54) -> 0 | G2: =_xlfn.XLOOKUP($A2,'data compile'!$A$2:$A$54,'data compile'!G$2:G$54) -> 0 | H2: =_xlfn.XLOOKUP($A2,'data compile'!$A$2:$A$54,'data compile'!H$2:H$54) -> 37 | I2: =_xlfn.XLOOKUP($A2,'data compile'!$A$2:$A$54,'data compile'!I$2:I$54) -> 51.35% | ... O2: =_xlfn.XLOOKUP($A2,'data compile'!$A$2:$A$54,'data compile'!O$2:O$54) -> 21.62%
A3: 42381392 | B3: =_xlfn.XLOOKUP($A3,'data compile'!$A$2:$A$54,'data compile'!B$2:B$54) -> 1 | C3: =_xlfn.XLOOKUP($A3,'data compile'!$A$2:$A$54,'data compile'!C$2:C$54) -> 86 | D3: =_xlfn.XLOOKUP($A3,'data compile'!$A$2:$A$54,'data compile'!D$2:D$54) -> 21 | E3: =_xlfn.XLOOKUP($A3,'data compile'!$A$2:$A$54,'data compile'!E$2:E$54) -> 6 | F3: =_xlfn.XLOOKUP($A3,'data compile'!$A$2:$A$54,'data compile'!F$2:F$54) -> 0 | G3: =_xlfn.XLOOKUP($A3,'data compile'!$A$2:$A$54,'data compile'!G$2:G$54) -> 1 | H3: =_xlfn.XLOOKUP($A3,'data compile'!$A$2:$A$54,'data compile'!H$2:H$54) -> 115 | I3: =_xlfn.XLOOKUP($A3,'data compile'!$A$2:$A$54,'data compile'!I$2:I$54) -> 74.78% | ... O3: =_xlfn.XLOOKUP($A3,'data compile'!$A$2:$A$54,'data compile'!O$2:O$54) -> 9.57%
A4: 42406507 | B4: =_xlfn.XLOOKUP($A4,'data compile'!$A$2:$A$54,'data compile'!B$2:B$54) -> 1 | C4: =_xlfn.XLOOKUP($A4,'data compile'!$A$2:$A$54,'data compile'!C$2:C$54) -> 184 | D4: =_xlfn.XLOOKUP($A4,'data compile'!$A$2:$A$54,'data compile'!D$2:D$54) -> 46 | E4: =_xlfn.XLOOKUP($A4,'data compile'!$A$2:$A$54,'data compile'!E$2:E$54) -> 27 | F4: =_xlfn.XLOOKUP($A4,'data compile'!$A$2:$A$54,'data compile'!F$2:F$54) -> 1 | G4: =_xlfn.XLOOKUP($A4,'data compile'!$A$2:$A$54,'data compile'!G$2:G$54) -> 3 | H4: =_xlfn.XLOOKUP($A4,'data compile'!$A$2:$A$54,'data compile'!H$2:H$54) -> 262 | I4: =_xlfn.XLOOKUP($A4,'data compile'!$A$2:$A$54,'data compile'!I$2:I$54) -> 70.23% | ... O4: =_xlfn.XLOOKUP($A4,'data compile'!$A$2:$A$54,'data compile'!O$2:O$54) -> 14.5%
A5: 42426592 | B5: =_xlfn.XLOOKUP($A5,'data compile'!$A$2:$A$54,'data compile'!B$2:B$54) -> 1 | C5: =_xlfn.XLOOKUP($A5,'data compile'!$A$2:$A$54,'data compile'!C$2:C$54) -> 128 | D5: =_xlfn.XLOOKUP($A5,'data compile'!$A$2:$A$54,'data compile'!D$2:D$54) -> 54 | E5: =_xlfn.XLOOKUP($A5,'data compile'!$A$2:$A$54,'data compile'!E$2:E$54) -> 19 | F5: =_xlfn.XLOOKUP($A5,'data compile'!$A$2:$A$54,'data compile'!F$2:F$54) -> 1 | G5: =_xlfn.XLOOKUP($A5,'data compile'!$A$2:$A$54,'data compile'!G$2:G$54) -> 1 | H5: =_xlfn.XLOOKUP($A5,'data compile'!$A$2:$A$54,'data compile'!H$2:H$54) -> 204 | I5: =_xlfn.XLOOKUP($A5,'data compile'!$A$2:$A$54,'data compile'!I$2:I$54) -> 62.75% | ... O5: =_xlfn.XLOOKUP($A5,'data compile'!$A$2:$A$54,'data compile'!O$2:O$54) -> 26.96%
A6: 42426641 | B6: =_xlfn.XLOOKUP($A6,'data compile'!$A$2:$A$54,'data compile'!B$2:B$54) -> 1 | C6: =_xlfn.XLOOKUP($A6,'data compile'!$A$2:$A$54,'data compile'!C$2:C$54) -> 178 | D6: =_xlfn.XLOOKUP($A6,'data compile'!$A$2:$A$54,'data compile'!D$2:D$54) -> 25 | E6: =_xlfn.XLOOKUP($A6,'data compile'!$A$2:$A$54,'data compile'!E$2:E$54) -> 8 | F6: =_xlfn.XLOOKUP($A6,'data compile'!$A$2:$A$54,'data compile'!F$2:F$54) -> 2 | G6: =_xlfn.XLOOKUP($A6,'data compile'!$A$2:$A$54,'data compile'!G$2:G$54) -> 1 | H6: =_xlfn.XLOOKUP($A6,'data compile'!$A$2:$A$54,'data compile'!H$2:H$54) -> 215 | I6: =_xlfn.XLOOKUP($A6,'data compile'!$A$2:$A$54,'data compile'!I$2:I$54) -> 82.79% | ... O6: =_xlfn.XLOOKUP($A6,'data compile'!$A$2:$A$54,'data compile'!O$2:O$54) -> 13.49%
A7: 42458992 | B7: =_xlfn.XLOOKUP($A7,'data compile'!$A$2:$A$54,'data compile'!B$2:B$54) -> 1 | C7: =_xlfn.XLOOKUP($A7,'data compile'!$A$2:$A$54,'data compile'!C$2:C$54) -> 22 | D7: =_xlfn.XLOOKUP($A7,'data compile'!$A$2:$A$54,'data compile'!D$2:D$54) -> 2 | E7: =_xlfn.XLOOKUP($A7,'data compile'!$A$2:$A$54,'data compile'!E$2:E$54) -> 1 | F7: =_xlfn.XLOOKUP($A7,'data compile'!$A$2:$A$54,'data compile'!F$2:F$54) -> 0 | G7: =_xlfn.XLOOKUP($A7,'data compile'!$A$2:$A$54,'data compile'!G$2:G$54) -> 0 | H7: =_xlfn.XLOOKUP($A7,'data compile'!$A$2:$A$54,'data compile'!H$2:H$54) -> 26 | I7: =_xlfn.XLOOKUP($A7,'data compile'!$A$2:$A$54,'data compile'!I$2:I$54) -> 84.62% | ... O7: =_xlfn.XLOOKUP($A7,'data compile'!$A$2:$A$54,'data compile'!O$2:O$54) -> 3.85%
A8: 42459041 | B8: =_xlfn.XLOOKUP($A8,'data compile'!$A$2:$A$54,'data compile'!B$2:B$54) -> 1 | C8: =_xlfn.XLOOKUP($A8,'data compile'!$A$2:$A$54,'data compile'!C$2:C$54) -> 12 | D8: =_xlfn.XLOOKUP($A8,'data compile'!$A$2:$A$54,'data compile'!D$2:D$54) -> 8 | E8: =_xlfn.XLOOKUP($A8,'data compile'!$A$2:$A$54,'data compile'!E$2:E$54) -> 2 | F8: =_xlfn.XLOOKUP($A8,'data compile'!$A$2:$A$54,'data compile'!F$2:F$54) -> 0 | G8: =_xlfn.XLOOKUP($A8,'data compile'!$A$2:$A$54,'data compile'!G$2:G$54) -> 0 | H8: =_xlfn.XLOOKUP($A8,'data compile'!$A$2:$A$54,'data compile'!H$2:H$54) -> 23 | I8: =_xlfn.XLOOKUP($A8,'data compile'!$A$2:$A$54,'data compile'!I$2:I$54) -> 52.17% | ... O8: =_xlfn.XLOOKUP($A8,'data compile'!$A$2:$A$54,'data compile'!O$2:O$54) -> 26.09%
A9: 42459099 | B9: =_xlfn.XLOOKUP($A9,'data compile'!$A$2:$A$54,'data compile'!B$2:B$54) -> 1 | C9: =_xlfn.XLOOKUP($A9,'data compile'!$A$2:$A$54,'data compile'!C$2:C$54) -> 47 | D9: =_xlfn.XLOOKUP($A9,'data compile'!$A$2:$A$54,'data compile'!D$2:D$54) -> 0 | E9: =_xlfn.XLOOKUP($A9,'data compile'!$A$2:$A$54,'data compile'!E$2:E$54) -> 0 | F9: =_xlfn.XLOOKUP($A9,'data compile'!$A$2:$A$54,'data compile'!F$2:F$54) -> 0 | G9: =_xlfn.XLOOKUP($A9,'data compile'!$A$2:$A$54,'data compile'!G$2:G$54) -> 1 | H9: =_xlfn.XLOOKUP($A9,'data compile'!$A$2:$A$54,'data compile'!H$2:H$54) -> 49 | I9: =_xlfn.XLOOKUP($A9,'data compile'!$A$2:$A$54,'data compile'!I$2:I$54) -> 95.92% | ... O9: =_xlfn.XLOOKUP($A9,'data compile'!$A$2:$A$54,'data compile'!O$2:O$54) -> 8.16%
A10: 42459241 | B10: =_xlfn.XLOOKUP($A10,'data compile'!$A$2:$A$54,'data compile'!B$2:B$54) -> 1 | C10: =_xlfn.XLOOKUP($A10,'data compile'!$A$2:$A$54,'data compile'!C$2:C$54) -> 37 | D10: =_xlfn.XLOOKUP($A10,'data compile'!$A$2:$A$54,'data compile'!D$2:D$54) -> 22 | E10: =_xlfn.XLOOKUP($A10,'data compile'!$A$2:$A$54,'data compile'!E$2:E$54) -> 6 | F10: =_xlfn.XLOOKUP($A10,'data compile'!$A$2:$A$54,'data compile'!F$2:F$54) -> 0 | G10: =_xlfn.XLOOKUP($A10,'data compile'!$A$2:$A$54,'data compile'!G$2:G$54) -> 2 | H10: =_xlfn.XLOOKUP($A10,'data compile'!$A$2:$A$54,'data compile'!H$2:H$54) -> 68 | I10: =_xlfn.XLOOKUP($A10,'data compile'!$A$2:$A$54,'data compile'!I$2:I$54) -> 54.41% | ... O10: =_xlfn.XLOOKUP($A10,'data compile'!$A$2:$A$54,'data compile'!O$2:O$54) -> 51.47%
A11: 42459298 | B11: =_xlfn.XLOOKUP($A11,'data compile'!$A$2:$A$54,'data compile'!B$2:B$54) -> 1 | C11: =_xlfn.XLOOKUP($A11,'data compile'!$A$2:$A$54,'data compile'!C$2:C$54) -> 20 | D11: =_xlfn.XLOOKUP($A11,'data compile'!$A$2:$A$54,'data compile'!D$2:D$54) -> 3 | E11: =_xlfn.XLOOKUP($A11,'data compile'!$A$2:$A$54,'data compile'!E$2:E$54) -> 1 | F11: =_xlfn.XLOOKUP($A11,'data compile'!$A$2:$A$54,'data compile'!F$2:F$54) -> 0 | G11: =_xlfn.XLOOKUP($A11,'data compile'!$A$2:$A$54,'data compile'!G$2:G$54) -> 1 | H11: =_xlfn.XLOOKUP($A11,'data compile'!$A$2:$A$54,'data compile'!H$2:H$54) -> 26 | I11: =_xlfn.XLOOKUP($A11,'data compile'!$A$2:$A$54,'data compile'!I$2:I$54) -> 76.92% | ... O11: =_xlfn.XLOOKUP($A11,'data compile'!$A$2:$A$54,'data compile'!O$2:O$54) -> 7.69%
A12: 42463024 | B12: =_xlfn.XLOOKUP($A12,'data compile'!$A$2:$A$54,'data compile'!B$2:B$54) -> 1 | C12: =_xlfn.XLOOKUP($A12,'data compile'!$A$2:$A$54,'data compile'!C$2:C$54) -> 301 | D12: =_xlfn.XLOOKUP($A12,'data compile'!$A$2:$A$54,'data compile'!D$2:D$54) -> 31 | E12: =_xlfn.XLOOKUP($A12,'data compile'!$A$2:$A$54,'data compile'!E$2:E$54) -> 11 | F12: =_xlfn.XLOOKUP($A12,'data compile'!$A$2:$A$54,'data compile'!F$2:F$54) -> 4 | G12: =_xlfn.XLOOKUP($A12,'data compile'!$A$2:$A$54,'data compile'!G$2:G$54) -> 5 | H12: =_xlfn.XLOOKUP($A12,'data compile'!$A$2:$A$54,'data compile'!H$2:H$54) -> 353 | I12: =_xlfn.XLOOKUP($A12,'data compile'!$A$2:$A$54,'data compile'!I$2:I$54) -> 85.27% | ... O12: =_xlfn.XLOOKUP($A12,'data compile'!$A$2:$A$54,'data compile'!O$2:O$54) -> 15.01%
A13: 42463063 | B13: =_xlfn.XLOOKUP($A13,'data compile'!$A$2:$A$54,'data compile'!B$2:B$54) -> 1 | C13: =_xlfn.XLOOKUP($A13,'data compile'!$A$2:$A$54,'data compile'!C$2:C$54) -> 209 | D13: =_xlfn.XLOOKUP($A13,'data compile'!$A$2:$A$54,'data compile'!D$2:D$54) -> 8 | E13: =_xlfn.XLOOKUP($A13,'data compile'!$A$2:$A$54,'data compile'!E$2:E$54) -> 7 | F13: =_xlfn.XLOOKUP($A13,'data compile'!$A$2:$A$54,'data compile'!F$2:F$54) -> 1 | G13: =_xlfn.XLOOKUP($A13,'data compile'!$A$2:$A$54,'data compile'!G$2:G$54) -> 2 | H13: =_xlfn.XLOOKUP($A13,'data compile'!$A$2:$A$54,'data compile'!H$2:H$54) -> 228 | I13: =_xlfn.XLOOKUP($A13,'data compile'!$A$2:$A$54,'data compile'!I$2:I$54) -> 91.67% | ... O13: =_xlfn.XLOOKUP($A13,'data compile'!$A$2:$A$54,'data compile'!O$2:O$54) -> 47.37%
... A42: 44010401 | B42: =_xlfn.XLOOKUP($A42,'data compile'!$A$2:$A$54,'data compile'!B$2:B$54) -> 1 | C42: =_xlfn.XLOOKUP($A42,'data compile'!$A$2:$A$54,'data compile'!C$2:C$54) -> 62 | D42: =_xlfn.XLOOKUP($A42,'data compile'!$A$2:$A$54,'data compile'!D$2:D$54) -> 36 | E42: =_xlfn.XLOOKUP($A42,'data compile'!$A$2:$A$54,'data compile'!E$2:E$54) -> 2 | F42: =_xlfn.XLOOKUP($A42,'data compile'!$A$2:$A$54,'data compile'!F$2:F$54) -> 2 | G42: =_xlfn.XLOOKUP($A42,'data compile'!$A$2:$A$54,'data compile'!G$2:G$54) -> 0 | H42: =_xlfn.XLOOKUP($A42,'data compile'!$A$2:$A$54,'data compile'!H$2:H$54) -> 103 | I42: =_xlfn.XLOOKUP($A42,'data compile'!$A$2:$A$54,'data compile'!I$2:I$54) -> 60.19% | ... O42: =_xlfn.XLOOKUP($A42,'data compile'!$A$2:$A$54,'data compile'!O$2:O$54) -> 4.85%

Sheet strat suggestion
A1: Simulation criteria:
A2: Parameter | B2: Rule Threshold/Value
A3: Analysis period | B3: July & Aug 2026
A4: Order creation lag | B4: < 30 seconds
A5: High frequency volume share | B5: > 50% of total orders
A6: Evaluation window | B6: 1-hour rolling window (3600 seconds)
A7: Completion rate | B7: < 50% of total order
A8: Flagging criteria | B8: > 5 high-frequency orders
A9: Enforcement trigger | B9: Rolling 1hour flag > 3
A12: Suggestion:
A13: Parameter | B13: Rule Threshold/Value
A14: Analysis period | B14: July & Aug 2026
A15: Order creation lag | B15: < 30 seconds
A16: High frequency volume share | B16: > 50% of total orders
A17: Evaluation window | B17: 1-hour rolling window (3600 seconds)
A18: Completion rate | B18: < 50% of total order
A19: Flagging criteria | B19: > 5 high-frequency orders
A20: Enforcement trigger | B20: Rolling 1hour flag > 3
A21: Action Taken | B21: Forbid cash order or order placing block
